<configs>
<remove xpath="/worldgeneration/biomes/biome[@name='wasteland']"/>
<remove xpath="/worldgeneration/biomes/biome[@name='burnt_forest']"/>
<!-- biome swaps for wasteland and burnt_forest -->
<append xpath="/worldgeneration/biomes">
  <!-- Forest Substituted Wasteland Biome  -->
  <biome name="wasteland" biomemapcolor="#ffa800">
    <weather>
      <Temperature min="-35" max="15" prob="1"/>
      <Fog min="0" max="0" prob="0"/>
      <Fog min="0" max="0" prob="0"/>
      <CloudThickness min="0" max="0" prob="0"/>
      <CloudThickness min="0" max="0" prob="0"/>
      <CloudThickness min="0" max="0" prob="0"/>
      <Precipitation min="0" max="0" prob=".0"/>
      <Precipitation min="0" max="0" prob="0"/>
      <Wind min="10" max="20" prob="0.9"/>
      <Wind min="20" max="100" prob="0.1"/>
    </weather>

    <subbiome prob="0.12"> <!--  Wasteland Cheaty Pine Forest Sub Biome Clustered Flowers and Boulders -->
      <layers>
        <layer depth="1" blockname="terrForestGround"> <resource blockname="terrOreGravelPlusIron" prob="0.071" rwgGenerationType="all"/> </layer>
        <layer depth="4" blockname="terrDirt"> <resource blockname="terrOreGravelPlusIron" prob="0.321" rwgGenerationType="all"/> </layer>
        <layer depth="*" blockname="terrStone">
          <resource blockname="terrOreIron" prob="0.3100" rwgGenerationType="all"/>
          <resource blockname="terrOreGravelPlusIron" prob="0.4130" rwgGenerationType="all"/>
          <resource blockname="terrOreSilver"  prob="0.00030" rwgGenerationType="all"/>
          <resource blockname="terrOreGold"    prob="0.00020" rwgGenerationType="all"/>
          <resource blockname="terrOreDiamond" prob="0.00010" rwgGenerationType="all"/>
        </layer>
        <layer depth="1" blockname="terrStone"> <resource blockname="terrOreGravelPlusIron" prob="0.4130" rwgGenerationType="all"/> </layer>
        <layer depth="10" blockname="terrStone">
          <resource blockname="terrOreLead" prob="0.3100" rwgGenerationType="all"/>
          <resource blockname="terrOreGravelPlusLead" prob="0.4130" rwgGenerationType="all"/>
          <resource blockname="terrOreSilver"  prob="0.00030" rwgGenerationType="all"/>
          <resource blockname="terrOreGold"    prob="0.00020" rwgGenerationType="all"/>
          <resource blockname="terrOreDiamond" prob="0.00010" rwgGenerationType="all"/>
        </layer>
        <layer depth="1" blockname="terrStone"/>
        <layer depth="3" blockname="terrBedrock"/>
      </layers>

      <spectrum name="pine_forest"/>

      <decorations>
        <decoration type="block" blockname="plantedGoldenrod3Harvest" prob="0.008"/>
        <decoration type="block" blockname="plantedCotton3Harvest" prob="0.07"/>
        <decoration type="block" blockname="plantedChrysanthemum3Harvest" prob="0.07"/>
        <decoration type="block" blockname="rock01" prob =".01"/>
        <decoration type="block" blockname="rock02" prob =".01"/>
        <decoration type="block" blockname="rock04" prob =".01"/>
        <decoration type="block" blockname="rockResource" prob =".02" checkresource="true" rotatemax="3"/>
        <decoration type="block" blockname="rockResource02" prob =".02" checkresource="true" rotatemax="3"/>
        <decoration type="block" blockname="treeTallGrassDiagonal" prob =".5"/>
      </decorations>
    </subbiome>

    <subbiome prob="0.1551"> <!-- Ore Sub Biome: leadOre -->
      <layers>
        <layer depth="1" blockname="terrForestGround"> <resource blockname="terrOreGravelPlusLead" prob="0.071" rwgGenerationType="all"/> </layer>
        <layer depth="4" blockname="terrDirt"> <resource blockname="terrOreGravelPlusLead" prob="0.321" rwgGenerationType="all"/> </layer>
        <layer depth="1" blockname="terrStone"> <resource blockname="terrOreGravelPlusLead" prob="0.4130" rwgGenerationType="all"/> </layer>
        <layer depth="*" blockname="terrStone"> <resource blockname="terrOreLead" prob="0.3100" rwgGenerationType="all"/> <resource blockname="terrOreGravelPlusLead" prob="0.4130" rwgGenerationType="all"/> </layer> <layer depth="1" blockname="terrStone"/> <layer depth="3" blockname="terrBedrock"/>
      </layers>
    </subbiome>
    <subbiome prob="0.1551"> <!-- Ore Sub Biome: coalOre -->
      <layers>
        <layer depth="1" blockname="terrForestGround"> <resource blockname="terrOreGravelPlusCoal" prob="0.071" rwgGenerationType="all"/> </layer>
        <layer depth="4" blockname="terrDirt"> <resource blockname="terrOreGravelPlusCoal" prob="0.321" rwgGenerationType="all"/> </layer>
        <layer depth="1" blockname="terrStone"> <resource blockname="terrOreGravelPlusCoal" prob="0.4130" rwgGenerationType="all"/> </layer>
        <layer depth="*" blockname="terrStone"> <resource blockname="terrOreCoal" prob="0.3100" rwgGenerationType="all"/> <resource blockname="terrOreGravelPlusCoal" prob="0.4130" rwgGenerationType="all"/> </layer> <layer depth="1" blockname="terrStone"/> <layer depth="3" blockname="terrBedrock"/>
      </layers>
    </subbiome>
    <subbiome prob="0.1551"> <!-- Ore Sub Biome: potassiumNitrate -->
      <layers>
        <layer depth="1" blockname="terrForestGround"> <resource blockname="terrOreGravelPlusPotassium" prob="0.071" rwgGenerationType="all"/> </layer>
        <layer depth="4" blockname="terrDirt"> <resource blockname="terrOreGravelPlusPotassium" prob="0.321" rwgGenerationType="all"/> </layer>
        <layer depth="1" blockname="terrStone"> <resource blockname="terrOreGravelPlusPotassium" prob="0.4130" rwgGenerationType="all"/> </layer>
        <layer depth="*" blockname="terrStone"> <resource blockname="terrOrePotassiumNitrate" prob="0.3100" rwgGenerationType="all"/> <resource blockname="terrOreGravelPlusPotassium" prob="0.4130" rwgGenerationType="all"/> </layer> <layer depth="1" blockname="terrStone"/> <layer depth="3" blockname="terrBedrock"/>
      </layers>
    </subbiome>

    <!-- Block layers:  Wasteland Cheaty Pine Forest, Local ore: leadOre -->
    <layers>
      <layer depth="1" blockname="terrForestGround"> <resource blockname="terrOreGravelPlusIron" prob="0.071" rwgGenerationType="all"/> </layer>
      <layer depth="4" blockname="terrDirt"> <resource blockname="terrOreGravelPlusIron" prob="0.321" rwgGenerationType="all"/> </layer>
      <layer depth="*" blockname="terrStone">
        <resource blockname="terrOreIron" prob="0.3100" rwgGenerationType="all"/>
        <resource blockname="terrOreGravelPlusIron" prob="0.4130" rwgGenerationType="all"/>
        <resource blockname="terrOreSilver"  prob="0.00030" rwgGenerationType="all"/>
        <resource blockname="terrOreGold"    prob="0.00020" rwgGenerationType="all"/>
        <resource blockname="terrOreDiamond" prob="0.00010" rwgGenerationType="all"/>
      </layer>
      <layer depth="1" blockname="terrStone"> <resource blockname="terrOreGravelPlusIron" prob="0.4130" rwgGenerationType="all"/> </layer>
      <layer depth="10" blockname="terrStone">
        <resource blockname="terrOreLead" prob="0.3100" rwgGenerationType="all"/>
        <resource blockname="terrOreGravelPlusLead" prob="0.4130" rwgGenerationType="all"/>
        <resource blockname="terrOreSilver"  prob="0.00030" rwgGenerationType="all"/>
        <resource blockname="terrOreGold"    prob="0.00020" rwgGenerationType="all"/>
        <resource blockname="terrOreDiamond" prob="0.00010" rwgGenerationType="all"/>
      </layer>
      <layer depth="1" blockname="terrStone"/> <layer depth="3" blockname="terrBedrock"/>
    </layers>
    <!-- Decorations Main: Wasteland Cheaty Pine Forest -->
    <decorations>
      <decoration type="block" blockname="cntForestRandomLootHelper" prob="0.00025"/>
      <decoration type="prefab" name="rock_form02" prob=".001" rotatemax="7"/>
      <decoration type="prefab" name="rock_form01" prob=".001" rotatemax="7"/>
      <decoration type="block" blockname="plantedCotton3Harvest" prob="0.001"/>
      <decoration type="block" blockname="rock01" prob =".001"/>
      <decoration type="block" blockname="rock02" prob =".001"/>
      <decoration type="block" blockname="rock04" prob =".001"/>
      <decoration type="block" blockname="rockResource" prob =".02" checkresource="true" rotatemax="3"/>
      <decoration type="block" blockname="rockResource02" prob =".02" checkresource="true" rotatemax="3"/>
      <decoration type="block" blockname="cntBirdnest" prob ="0.002"/>
      <decoration type="block" blockname="treeDeadShrub" prob="0.01" rotatemax="7"/>
      <decoration type="block" blockname="treeJuniper4m" prob="0.001" rotatemax="7"/>
      <decoration type="block" blockname="treeMountainPine12m" prob="0.001" rotatemax="7"/>
      <decoration type="block" blockname="treeMountainPine19m" prob="0.0015" rotatemax="7"/>
      <decoration type="block" blockname="treeMountainPine27m" prob="0.002" rotatemax="7"/>
      <decoration type="block" blockname="treeMountainPine31m" prob="0.002" rotatemax="7"/>
      <decoration type="block" blockname="treeMountainPineDry21m" prob="0.002" rotatemax="7"/>
      <decoration type="block" blockname="treeMountainPine41m" prob="0.004" rotatemax="7"/>
      <decoration type="block" blockname="plantedSnowberry3Harvest" prob =".001"/>
        <decoration type="block" blockname="plantedChrysanthemum3Harvest" prob="0.001"/>
      <decoration type="block" blockname="treeTallGrassDiagonal" prob =".4"/>
      <decoration type="block" blockname="treeOakLrg01" prob ="0.001" rotatemax="7"/>
      <decoration type="block" blockname="treeOakMed01" prob ="0.001" rotatemax="7"/>
      <decoration type="block" blockname="treeOakMed02" prob ="0.001" rotatemax="7"/>
      <decoration type="block" blockname="treeOakSml01" prob ="0.001" rotatemax="7"/>
      <decoration type="block" blockname="treeFirLrg01" prob ="0.0005" rotatemax="7"/>
      <decoration type="block" blockname="treeMountainPine48m" prob ="0.0005" rotatemax="7"/>
      <decoration type="block" blockname="treeStump" prob =".0002" rotatemax="7"/>
    </decorations>
    <terrain class="Mountains"/>
  </biome>

  <!-- Forest Substituted Burnt Forest  -->
  <biome name="burnt_forest" biomemapcolor="#ba00ff">
    <weather>
      <Temperature min="-35" max="15" prob="1"/>
      <Fog min="0" max="0" prob="0"/>
      <Fog min="0" max="0" prob="0"/>
      <CloudThickness min="0" max="0" prob="0"/>
      <CloudThickness min="0" max="0" prob="0"/>
      <CloudThickness min="0" max="0" prob="0"/>
      <Precipitation min="0" max="0" prob=".0"/>
      <Precipitation min="0" max="0" prob="0"/>
      <Wind min="10" max="20" prob="0.9"/>
      <Wind min="20" max="100" prob="0.1"/>
    </weather>

    <subbiome prob="0.12"> <!--  Burnt Cheaty Pine Forest Sub Biome Clustered Flowers and Boulders -->
      <layers>
        <layer depth="1" blockname="terrForestGround"> <resource blockname="terrOreGravelPlusIron" prob="0.071" rwgGenerationType="all"/> </layer>
        <layer depth="4" blockname="terrDirt"> <resource blockname="terrOreGravelPlusIron" prob="0.321" rwgGenerationType="all"/> </layer>
        <layer depth="*" blockname="terrStone">
          <resource blockname="terrOreIron" prob="0.3100" rwgGenerationType="all"/>
          <resource blockname="terrOreGravelPlusIron" prob="0.4130" rwgGenerationType="all"/>
          <resource blockname="terrOreSilver"  prob="0.00030" rwgGenerationType="all"/>
          <resource blockname="terrOreGold"    prob="0.00020" rwgGenerationType="all"/>
          <resource blockname="terrOreDiamond" prob="0.00010" rwgGenerationType="all"/>
        </layer>
        <layer depth="1" blockname="terrStone"> <resource blockname="terrOreGravelPlusIron" prob="0.4130" rwgGenerationType="all"/> </layer>
        <layer depth="10" blockname="terrStone">
          <resource blockname="terrOreLead" prob="0.3100" rwgGenerationType="all"/>
          <resource blockname="terrOreGravelPlusLead" prob="0.4130" rwgGenerationType="all"/>
          <resource blockname="terrOreSilver"  prob="0.00030" rwgGenerationType="all"/>
          <resource blockname="terrOreGold"    prob="0.00020" rwgGenerationType="all"/>
          <resource blockname="terrOreDiamond" prob="0.00010" rwgGenerationType="all"/>
        </layer>
        <layer depth="1" blockname="terrStone"/>
        <layer depth="3" blockname="terrBedrock"/>
      </layers>

      <spectrum name="pine_forest"/>

      <decorations>
        <decoration type="block" blockname="plantedGoldenrod3Harvest" prob="0.008"/>
        <decoration type="block" blockname="plantedCotton3Harvest" prob="0.07"/>
        <decoration type="block" blockname="plantedChrysanthemum3Harvest" prob="0.07"/>
        <decoration type="block" blockname="rock01" prob =".01"/>
        <decoration type="block" blockname="rock02" prob =".01"/>
        <decoration type="block" blockname="rock04" prob =".01"/>
        <decoration type="block" blockname="rockResource" prob =".02" checkresource="true" rotatemax="3"/>
        <decoration type="block" blockname="rockResource02" prob =".02" checkresource="true" rotatemax="3"/>
        <decoration type="block" blockname="treeTallGrassDiagonal" prob =".5"/>
      </decorations>
    </subbiome>

    <subbiome prob="0.1551"> <!-- Ore Sub Biome: leadOre -->
      <layers>
        <layer depth="1" blockname="terrForestGround"> <resource blockname="terrOreGravelPlusLead" prob="0.071" rwgGenerationType="all"/> </layer>
        <layer depth="4" blockname="terrDirt"> <resource blockname="terrOreGravelPlusLead" prob="0.321" rwgGenerationType="all"/> </layer>
        <layer depth="1" blockname="terrStone"> <resource blockname="terrOreGravelPlusLead" prob="0.4130" rwgGenerationType="all"/> </layer>
        <layer depth="*" blockname="terrStone"> <resource blockname="terrOreLead" prob="0.3100" rwgGenerationType="all"/> <resource blockname="terrOreGravelPlusLead" prob="0.4130" rwgGenerationType="all"/> </layer> <layer depth="1" blockname="terrStone"/> <layer depth="3" blockname="terrBedrock"/>
      </layers>
    </subbiome>
    <subbiome prob="0.1551"> <!-- Ore Sub Biome: coalOre -->
      <layers>
        <layer depth="1" blockname="terrForestGround"> <resource blockname="terrOreGravelPlusCoal" prob="0.071" rwgGenerationType="all"/> </layer>
        <layer depth="4" blockname="terrDirt"> <resource blockname="terrOreGravelPlusCoal" prob="0.321" rwgGenerationType="all"/> </layer>
        <layer depth="1" blockname="terrStone"> <resource blockname="terrOreGravelPlusCoal" prob="0.4130" rwgGenerationType="all"/> </layer>
        <layer depth="*" blockname="terrStone"> <resource blockname="terrOreCoal" prob="0.3100" rwgGenerationType="all"/> <resource blockname="terrOreGravelPlusCoal" prob="0.4130" rwgGenerationType="all"/> </layer> <layer depth="1" blockname="terrStone"/> <layer depth="3" blockname="terrBedrock"/>
      </layers>
    </subbiome>
    <subbiome prob="0.1551"> <!-- Ore Sub Biome: potassiumNitrate -->
      <layers>
        <layer depth="1" blockname="terrForestGround"> <resource blockname="terrOreGravelPlusPotassium" prob="0.071" rwgGenerationType="all"/> </layer>
        <layer depth="4" blockname="terrDirt"> <resource blockname="terrOreGravelPlusPotassium" prob="0.321" rwgGenerationType="all"/> </layer>
        <layer depth="1" blockname="terrStone"> <resource blockname="terrOreGravelPlusPotassium" prob="0.4130" rwgGenerationType="all"/> </layer>
        <layer depth="*" blockname="terrStone"> <resource blockname="terrOreCoal" prob="0.3100" rwgGenerationType="all"/> <resource blockname="terrOreGravelPlusPotassium" prob="0.4130" rwgGenerationType="all"/> </layer> <layer depth="1" blockname="terrStone"/> <layer depth="3" blockname="terrBedrock"/>
      </layers>
    </subbiome>

    <!-- Block layers:  burnt Cheaty Pine Forest, Local ore: Coal -->
    <layers>
      <layer depth="1" blockname="terrForestGround"> <resource blockname="terrOreGravelPlusIron" prob="0.071" rwgGenerationType="all"/> </layer>
      <layer depth="4" blockname="terrDirt"> <resource blockname="terrOreGravelPlusIron" prob="0.321" rwgGenerationType="all"/> </layer>
      <layer depth="*" blockname="terrStone">
        <resource blockname="terrOreIron" prob="0.3100" rwgGenerationType="all"/>
        <resource blockname="terrOreGravelPlusIron" prob="0.4130" rwgGenerationType="all"/>
        <resource blockname="terrOreSilver"  prob="0.00030" rwgGenerationType="all"/>
        <resource blockname="terrOreGold"    prob="0.00020" rwgGenerationType="all"/>
        <resource blockname="terrOreDiamond" prob="0.00010" rwgGenerationType="all"/>
      </layer>
      <layer depth="1" blockname="terrStone"> <resource blockname="terrOreGravelPlusIron" prob="0.4130" rwgGenerationType="all"/> </layer>
      <layer depth="10" blockname="terrStone">
        <resource blockname="terrOreCoal" prob="0.3100" rwgGenerationType="all"/>
        <resource blockname="terrOreGravelPlusLead" prob="0.4130" rwgGenerationType="all"/>
        <resource blockname="terrOreSilver"  prob="0.00030" rwgGenerationType="all"/>
        <resource blockname="terrOreGold"    prob="0.00020" rwgGenerationType="all"/>
        <resource blockname="terrOreDiamond" prob="0.00010" rwgGenerationType="all"/>
      </layer>
      <layer depth="1" blockname="terrStone"/> <layer depth="3" blockname="terrBedrock"/>
    </layers>
    <!-- Decorations Main: burnt Cheaty Pine Forest -->
    <decorations>
      <decoration type="block" blockname="cntForestRandomLootHelper" prob="0.00025"/>
      <decoration type="prefab" name="rock_form02" prob=".001" rotatemax="7"/>
      <decoration type="prefab" name="rock_form01" prob=".001" rotatemax="7"/>
      <decoration type="block" blockname="plantedCotton3Harvest" prob="0.001"/>
      <decoration type="block" blockname="rock01" prob =".001"/>
      <decoration type="block" blockname="rock02" prob =".001"/>
      <decoration type="block" blockname="rock04" prob =".001"/>
      <decoration type="block" blockname="rockResource" prob =".02" checkresource="true" rotatemax="3"/>
      <decoration type="block" blockname="rockResource02" prob =".02" checkresource="true" rotatemax="3"/>
      <decoration type="block" blockname="cntBirdnest" prob ="0.002"/>
      <decoration type="block" blockname="treeDeadShrub" prob="0.01" rotatemax="7"/>
      <decoration type="block" blockname="treeJuniper4m" prob="0.001" rotatemax="7"/>
      <decoration type="block" blockname="treeMountainPine12m" prob="0.001" rotatemax="7"/>
      <decoration type="block" blockname="treeMountainPine19m" prob="0.0015" rotatemax="7"/>
      <decoration type="block" blockname="treeMountainPine27m" prob="0.002" rotatemax="7"/>
      <decoration type="block" blockname="treeMountainPine31m" prob="0.002" rotatemax="7"/>
      <decoration type="block" blockname="treeMountainPineDry21m" prob="0.002" rotatemax="7"/>
      <decoration type="block" blockname="treeMountainPine41m" prob="0.004" rotatemax="7"/>
      <decoration type="block" blockname="plantedSnowberry3Harvest" prob =".001"/>
        <decoration type="block" blockname="plantedChrysanthemum3Harvest" prob="0.001"/>
      <decoration type="block" blockname="treeTallGrassDiagonal" prob =".4"/>
      <decoration type="block" blockname="treeOakLrg01" prob ="0.001" rotatemax="7"/>
      <decoration type="block" blockname="treeOakMed01" prob ="0.001" rotatemax="7"/>
      <decoration type="block" blockname="treeOakMed02" prob ="0.001" rotatemax="7"/>
      <decoration type="block" blockname="treeOakSml01" prob ="0.001" rotatemax="7"/>
      <decoration type="block" blockname="treeFirLrg01" prob ="0.0005" rotatemax="7"/>
      <decoration type="block" blockname="treeMountainPine48m" prob ="0.0005" rotatemax="7"/>
      <decoration type="block" blockname="treeStump" prob =".0002" rotatemax="7"/>
    </decorations>
    <terrain class="Mountains"/>
  </biome>
  
</append>

</configs>
