<configs>
<!-- Change Zombie spawning for burnt_forest and wasteland (no dogs and z bears in forest) -->
<remove xpath="/spawning/biome[@name='burnt_forest']"/>
<remove xpath="/spawning/biome[@name='wasteland']"/>

<append xpath = "/spawning">
	<biome name="wasteland">
		<spawn maxcount="2" respawndelay="4" time="Any" entitygroup="ZombiesAll" />
		<spawn maxcount="1" respawndelay="7" time="Any" entitygroup="EnemyAnimalsForest" spawnDeadChance="0" />
		<spawn maxcount="1" respawndelay="7" time="Any" entitygroup="FriendlyAnimalsForest" spawnDeadChance="0" />
	</biome>
	<biome name="burnt_forest">
		<spawn maxcount="2" respawndelay="4" time="Any" entitygroup="ZombiesAll" />
		<spawn maxcount="1" respawndelay="7" time="Any" entitygroup="EnemyAnimalsForest" spawnDeadChance="0" />
		<spawn maxcount="1" respawndelay="7" time="Any" entitygroup="FriendlyAnimalsForest" spawnDeadChance="0" />
	</biome>
</append>
</configs>
